matrix,scenario,method,n,unknowns,operator_nonzeros,undirected_edges,interactions_per_unknown,preconditioner_flops,memory_bytes,setup_ms,runtime_ms,preconditioner_ms,iterations,relative_residual,relative_solution_error
"benchmark","primary","CG",16,4096,33856,0,0,0,0,0,16.2837,0.1176,232,7.624087289648712E-09,4.803914373498767E-08
"benchmark","primary","Jacobi-PCG",16,4096,33856,0,0,4096,32768,0,3.4582,0.1118,48,6.769134400461526E-09,7.281463464231911E-09
"benchmark","primary","graph-coefficient-only-selection+weight-b8",16,4096,33856,16384,8,110592,753664,454.2236,3.4512,1.0691,34,7.532887309602297E-09,5.91669453622779E-09
"benchmark","primary","E0-compact-symmetric(beta=0.12)",16,4096,33856,14880,7.265625,101568,693504,1.6454,4.1792,1.2017,43,7.612529411866237E-09,6.344036186914112E-09
"benchmark","primary","two-level-geometric(Richardson-8)",16,4096,33856,0,0,84224,90816,5.7455,4.054,1.9476,30,9.164414353229454E-09,3.374624074231356E-09
"ablation","primary","graph-coefficient-only-selection+weight-b8",16,4096,33856,16384,8,110592,753664,304.3199,3.3944,1.0291,34,7.532887309602297E-09,5.91669453622779E-09
"ablation","primary","graph-Geometry-selection+weight-b8",16,4096,33856,16384,8,110592,753664,303.1362,3.3479,0.924,35,7.922638348412085E-09,7.379545000662444E-09
"ablation","primary","graph-Material-selection+weight-b8",16,4096,33856,16384,8,110592,753664,304.1951,3.1297,0.8688,33,6.633735779263426E-09,5.9496500712554874E-09
"ablation","primary","graph-Authority-selection+weight-b8",16,4096,33856,16384,8,110592,753664,301.9267,3.1982,0.8524,34,7.053428820701697E-09,5.730994767478775E-09
"ablation","primary","graph-Geometry+Material-selection+weight-b8",16,4096,33856,16384,8,110592,753664,302.7069,3.645,1.0114,37,8.234127813422942E-09,4.1009450939269554E-09
"ablation","primary","graph-Geometry+Authority-selection+weight-b8",16,4096,33856,16384,8,110592,753664,302.0504,2.6513,0.9796,36,5.310866362241242E-09,5.043040559386225E-09
"ablation","primary","graph-Material+Authority-selection+weight-b8",16,4096,33856,16384,8,110592,753664,304.0639,2.6377,1.0104,34,9.59463051954383E-09,8.745322889988468E-09
"ablation","primary","graph-Geometry+Material+Authority-selection+weight-b8",16,4096,33856,16384,8,110592,753664,304.0295,2.555,0.9649,35,9.341017753193475E-09,7.120143507182173E-09
"weight-ablation","primary","graph-Geometry+Material+Authority-selection-only-b8",16,4096,33856,16384,8,110592,753664,312.2279,2.5338,0.9726,35,6.741814197288723E-09,4.7100048494679E-09
"weight-ablation","primary","graph-Geometry+Material+Authority-selection+weight-b8",16,4096,33856,16384,8,110592,753664,325.4223,2.643,1.0495,35,9.341017753193475E-09,7.120143507182173E-09
"contrast","contrast-1","Jacobi-PCG",16,4096,33856,0,0,4096,32768,0,2.0186,0.091,44,8.546408406878791E-09,2.4526884961489205E-09
"contrast","contrast-1","graph-coefficient-only-selection+weight-b8",16,4096,33856,16384,8,110592,753664,306.0955,2.093,0.7271,31,8.21906102446342E-09,3.343638877242792E-09
"contrast","contrast-1","graph-Geometry+Material+Authority-selection+weight-b8",16,4096,33856,16384,8,110592,753664,293.9532,2.9,1.09,40,6.2175565836908835E-09,1.5988689747616863E-09
"contrast","contrast-10","Jacobi-PCG",16,4096,33856,0,0,4096,32768,0,2.2215,0.0998,48,8.360712166981015E-09,3.786382030077669E-09
"contrast","contrast-10","graph-coefficient-only-selection+weight-b8",16,4096,33856,16384,8,110592,753664,313.6508,2.4394,0.9094,34,6.716014064664406E-09,3.9708492175420486E-09
"contrast","contrast-10","graph-Geometry+Material+Authority-selection+weight-b8",16,4096,33856,16384,8,110592,753664,292.4167,2.5959,1.0146,37,7.329390867566658E-09,4.061483893007802E-09
"contrast","contrast-100","Jacobi-PCG",16,4096,33856,0,0,4096,32768,0,2.5034,0.1197,48,6.769134400461526E-09,7.281463464231911E-09
"contrast","contrast-100","graph-coefficient-only-selection+weight-b8",16,4096,33856,16384,8,110592,753664,311.3771,2.2741,0.8504,34,7.532887309602297E-09,5.91669453622779E-09
"contrast","contrast-100","graph-Geometry+Material+Authority-selection+weight-b8",16,4096,33856,16384,8,110592,753664,297.3503,2.4707,0.9782,35,9.341017753193475E-09,7.120143507182173E-09
"contrast","contrast-1000","Jacobi-PCG",16,4096,33856,0,0,4096,32768,0,2.1423,0.0986,48,7.488224283499228E-09,9.057713381823871E-09
"contrast","contrast-1000","graph-coefficient-only-selection+weight-b8",16,4096,33856,16384,8,110592,753664,294.4859,2.307,0.8697,34,6.811913245397336E-09,5.463255645131187E-09
"contrast","contrast-1000","graph-Geometry+Material+Authority-selection+weight-b8",16,4096,33856,16384,8,110592,753664,295.3476,2.5981,1.0217,37,7.998777131263569E-09,5.5752417804090465E-09
"anisotropy","anisotropy-1","Jacobi-PCG",16,4096,27136,0,0,4096,32768,0,2.496,0.1431,67,9.129279659120436E-09,3.466100608329765E-09
"anisotropy","anisotropy-1","graph-coefficient-only-selection+weight-b8",16,4096,27136,16384,8,110592,753664,318.5737,3.134,1.2889,52,7.199205060153942E-09,2.6399745493438048E-09
"anisotropy","anisotropy-1","graph-Geometry+Material+Authority-selection+weight-b8",16,4096,27136,16384,8,110592,753664,315.1992,3.7039,1.5937,57,8.547362618479582E-09,2.9112670588073418E-09
"anisotropy","anisotropy-4","Jacobi-PCG",16,4096,27136,0,0,4096,32768,0,2.5443,0.1334,68,9.413525296658596E-09,8.843750009739267E-09
"anisotropy","anisotropy-4","graph-coefficient-only-selection+weight-b8",16,4096,27136,16384,8,110592,753664,312.1637,3.4699,1.4289,57,6.979545074956386E-09,4.8497074176792955E-09
"anisotropy","anisotropy-4","graph-Geometry+Material+Authority-selection+weight-b8",16,4096,27136,16384,8,110592,753664,318.4096,3.4114,1.4428,55,8.867122078405319E-09,4.088814748312695E-09
"anisotropy","anisotropy-16","Jacobi-PCG",16,4096,27136,0,0,4096,32768,0,3.1884,0.1709,84,9.311597287930042E-09,8.170894558408553E-09
"anisotropy","anisotropy-16","graph-coefficient-only-selection+weight-b8",16,4096,27136,16384,8,110592,753664,307.8937,4.3841,1.814,68,8.891920382043663E-09,4.332291266081334E-09
"anisotropy","anisotropy-16","graph-Geometry+Material+Authority-selection+weight-b8",16,4096,27136,16384,8,110592,753664,308.1539,4.0268,1.6996,65,7.62564157660106E-09,4.8134821693647346E-09
"anisotropy","anisotropy-64","Jacobi-PCG",16,4096,27136,0,0,4096,32768,0,3.671,0.1881,97,9.712239635172183E-09,1.185851264782499E-08
"anisotropy","anisotropy-64","graph-coefficient-only-selection+weight-b8",16,4096,27136,16384,8,110592,753664,320.3135,4.7614,1.9636,77,7.141366523354689E-09,8.577643182025522E-09
"anisotropy","anisotropy-64","graph-Geometry+Material+Authority-selection+weight-b8",16,4096,27136,16384,8,110592,753664,317.0692,4.7672,2.0468,75,8.922155833665853E-09,9.994976016619844E-09
"orientation","orientation-0","Jacobi-PCG",16,4096,27136,0,0,4096,32768,0,3.1881,0.1726,84,9.311597287930042E-09,8.170894558408553E-09
"orientation","orientation-0","graph-coefficient-only-selection+weight-b8",16,4096,27136,16384,8,110592,753664,314.8073,4.2233,1.726,68,8.891920382043663E-09,4.332291266081334E-09
"orientation","orientation-0","graph-Geometry+Material+Authority-selection+weight-b8",16,4096,27136,16384,8,110592,753664,314.3991,4.0798,1.7133,65,7.62564157660106E-09,4.8134821693647346E-09
"orientation","orientation-30","Jacobi-PCG",16,4096,33856,0,0,4096,32768,0,2.211,0.1208,48,6.769134400461526E-09,7.281463464231911E-09
"orientation","orientation-30","graph-coefficient-only-selection+weight-b8",16,4096,33856,16384,8,110592,753664,294.7523,2.3262,0.8814,34,7.532887309602297E-09,5.91669453622779E-09
"orientation","orientation-30","graph-Geometry+Material+Authority-selection+weight-b8",16,4096,33856,16384,8,110592,753664,297.7856,2.4413,0.9529,35,9.341017753193475E-09,7.120143507182173E-09
"orientation","orientation-45","Jacobi-PCG",16,4096,34336,0,0,4096,32768,0,2.8416,0.1264,63,8.071358361649558E-09,7.135904930437443E-09
"orientation","orientation-45","graph-coefficient-only-selection+weight-b8",16,4096,34336,16384,8,110592,753664,319.5389,2.9861,1.098,43,9.394400282777477E-09,7.481429309096067E-09
"orientation","orientation-45","graph-Geometry+Material+Authority-selection+weight-b8",16,4096,34336,16384,8,110592,753664,307.1803,3.2612,1.2514,46,8.727188230386762E-09,6.88269714065189E-09
"authority","authority-Uniform","Jacobi-PCG",16,4096,33856,0,0,4096,32768,0,2.0991,0.0932,48,6.769134400461526E-09,7.281463464231911E-09
"authority","authority-Uniform","graph-coefficient-only-selection+weight-b8",16,4096,33856,16384,8,110592,753664,296.3221,2.2905,0.8471,34,7.532887309602297E-09,5.91669453622779E-09
"authority","authority-Uniform","graph-Geometry+Material+Authority-selection+weight-b8",16,4096,33856,16384,8,110592,753664,299.5783,2.4557,0.9472,35,6.23169407987112E-09,3.445651267223169E-09
"authority","authority-Opposed","Jacobi-PCG",16,4096,33856,0,0,4096,32768,0,2.1495,0.0969,48,6.769134400461526E-09,7.281463464231911E-09
"authority","authority-Opposed","graph-coefficient-only-selection+weight-b8",16,4096,33856,16384,8,110592,753664,306.9494,2.28,0.8396,34,7.532887309602297E-09,5.91669453622779E-09
"authority","authority-Opposed","graph-Geometry+Material+Authority-selection+weight-b8",16,4096,33856,16384,8,110592,753664,295.6521,2.4733,0.9734,35,9.341017753193475E-09,7.120143507182173E-09
"authority","authority-Localized","Jacobi-PCG",16,4096,33856,0,0,4096,32768,0,2.1049,0.0956,48,6.769134400461526E-09,7.281463464231911E-09
"authority","authority-Localized","graph-coefficient-only-selection+weight-b8",16,4096,33856,16384,8,110592,753664,303.9083,2.2824,0.8416,34,7.532887309602297E-09,5.91669453622779E-09
"authority","authority-Localized","graph-Geometry+Material+Authority-selection+weight-b8",16,4096,33856,16384,8,110592,753664,295.3509,2.3018,0.8854,33,9.867958220258668E-09,8.66596948940162E-09
"authority","authority-Asymmetric","Jacobi-PCG",16,4096,33856,0,0,4096,32768,0,2.1334,0.0946,48,6.769134400461526E-09,7.281463464231911E-09
"authority","authority-Asymmetric","graph-coefficient-only-selection+weight-b8",16,4096,33856,16384,8,110592,753664,302.5205,2.2997,0.8583,34,7.532887309602297E-09,5.91669453622779E-09
"authority","authority-Asymmetric","graph-Geometry+Material+Authority-selection+weight-b8",16,4096,33856,16384,8,110592,753664,303.8142,2.6843,1.0581,35,8.002856532121214E-09,5.141719503094797E-09
"scaling","n-16","graph-coefficient-only-selection+weight-b8",16,4096,33856,16384,8,110592,753664,314.4177,2.254,0.8274,34,7.532887309602297E-09,5.91669453622779E-09
"scaling","n-16","graph-Geometry+Material+Authority-selection+weight-b8",16,4096,33856,16384,8,110592,753664,300.3749,2.4871,0.9844,35,9.341017753193475E-09,7.120143507182173E-09
"scaling","n-16","two-level-geometric(Richardson-8)",16,4096,33856,0,0,84224,90816,0.4902,3.3611,1.9493,30,9.164414353229454E-09,3.374624074231356E-09
"scaling","n-32","graph-coefficient-only-selection+weight-b8",32,32768,282752,131072,8,884736,6029312,19848.2479,36.6913,13.4232,63,8.979597687547958E-09,7.130901723996479E-09
"scaling","n-32","graph-Geometry+Material+Authority-selection+weight-b8",32,32768,282752,131072,8,884736,6029312,19857.5709,49.1658,23.1889,72,9.775292919868161E-09,5.375566588069175E-09
"scaling","n-32","two-level-geometric(Richardson-8)",32,32768,282752,0,0,713216,756096,4.7302,38.567,21.1731,47,8.275264177923958E-09,3.1028004728571405E-09
