method,n,iteration,absolute_residual,relative_residual
"CG",8,0,4.943422604414578,1
"CG",8,1,3.498080545985984,0.7076232047938055
"CG",8,2,1.6049850624932394,0.3246708183637698
"CG",8,3,0.6773078391397581,0.1370119233858154
"CG",8,4,0.19036723081926504,0.03850919616891811
"CG",8,5,0.032462563380863285,0.006566819383775433
"CG",8,6,0.009550918415907666,0.0019320457060212695
"CG",8,7,0.004922360213379786,0.0009957393100448295
"CG",8,8,0.002372836178045816,0.0004799986503130088
"CG",8,9,0.0004637618503452229,9.381391951622224E-05
"CG",8,10,0.00019780771990310608,4.001432524228451E-05
"CG",8,11,4.2434677807731526E-05,8.584068408360736E-06
"CG",8,12,6.092949112753042E-06,1.232536564305045E-06
"CG",8,13,8.864023805247988E-07,1.7930944842409856E-07
"CG",8,14,2.763653933221862E-07,5.590567819862016E-08
"CG",8,15,8.846252699015547E-08,1.7894995849870618E-08
"CG",8,16,1.581871058310136E-08,3.1999510964275896E-09
"Jacobi-CG",8,0,4.943422604414578,1
"Jacobi-CG",8,1,3.4980805459859785,0.7076232047938044
"Jacobi-CG",8,2,1.6049850624932338,0.3246708183637687
"Jacobi-CG",8,3,0.6773078391397568,0.1370119233858151
"Jacobi-CG",8,4,0.1903672308192626,0.03850919616891761
"Jacobi-CG",8,5,0.032462563380862335,0.0065668193837752405
"Jacobi-CG",8,6,0.00955091841590364,0.001932045706020455
"Jacobi-CG",8,7,0.004922360213364803,0.0009957393100417987
"Jacobi-CG",8,8,0.002372836178030358,0.00047999865030988177
"Jacobi-CG",8,9,0.0004637618503419058,9.381391951555122E-05
"Jacobi-CG",8,10,0.0001978077199030169,4.001432524226647E-05
"Jacobi-CG",8,11,4.2434677807732E-05,8.58406840836083E-06
"Jacobi-CG",8,12,6.092949112753188E-06,1.2325365643050745E-06
"Jacobi-CG",8,13,8.864023805249517E-07,1.793094484241295E-07
"Jacobi-CG",8,14,2.7636539332222546E-07,5.590567819862811E-08
"Jacobi-CG",8,15,8.846252699017574E-08,1.7894995849874717E-08
"Jacobi-CG",8,16,1.5818710583103772E-08,3.1999510964280776E-09
"Compact-symmetric(beta=0.12)",8,0,4.943422604414578,1
"Compact-symmetric(beta=0.12)",8,1,3.022893203710993,0.6114980339757898
"Compact-symmetric(beta=0.12)",8,2,1.2042371673996795,0.2436039286473851
"Compact-symmetric(beta=0.12)",8,3,0.34300603054270584,0.06938634585608651
"Compact-symmetric(beta=0.12)",8,4,0.018771333162423194,0.003797234156282736
"Compact-symmetric(beta=0.12)",8,5,0.003987821037329574,0.0008066923175389392
"Compact-symmetric(beta=0.12)",8,6,0.0007283859655234146,0.00014734446633653188
"Compact-symmetric(beta=0.12)",8,7,6.351257902412712E-05,1.284789590260988E-05
"Compact-symmetric(beta=0.12)",8,8,3.9793594552568115E-06,8.049806325890814E-07
"Compact-symmetric(beta=0.12)",8,9,2.364444982924253E-07,4.7830120386890555E-08
"Compact-symmetric(beta=0.12)",8,10,3.6108867410120796E-08,7.304426568320264E-09
"Screened-symmetric(length=2)",8,0,4.943422604414578,1
"Screened-symmetric(length=2)",8,1,3.8963413995266363,0.7881869933691534
"Screened-symmetric(length=2)",8,2,1.0163364725807387,0.20559368557184032
"Screened-symmetric(length=2)",8,3,0.19509386612911248,0.03946534248455506
"Screened-symmetric(length=2)",8,4,0.045324205228354335,0.00916858801185213
"Screened-symmetric(length=2)",8,5,0.010116401706537825,0.002046436753658016
"Screened-symmetric(length=2)",8,6,0.0024948044103597486,0.0005046714816839323
"Screened-symmetric(length=2)",8,7,0.0007326664936447804,0.00014821037007649199
"Screened-symmetric(length=2)",8,8,0.00015259741755530717,3.0868778529886266E-05
"Screened-symmetric(length=2)",8,9,3.0330372411578432E-05,6.135500611356348E-06
"Screened-symmetric(length=2)",8,10,3.41886073323552E-06,6.915979083363027E-07
"Screened-symmetric(length=2)",8,11,5.648340664107951E-07,1.1425971672063535E-07
"Screened-symmetric(length=2)",8,12,7.313016807629477E-08,1.4793428344764217E-08
"Screened-symmetric(length=2)",8,13,8.196863412737357E-09,1.6581352776550785E-09
"Truncated-Green(rank=8)",8,0,4.943422604414578,1
"Truncated-Green(rank=8)",8,1,0.8761926115985406,0.1772441245092181
"Truncated-Green(rank=8)",8,2,0.2723592271708784,0.055095274866376186
"Truncated-Green(rank=8)",8,3,0.05399429686370616,0.01092245215197425
"Truncated-Green(rank=8)",8,4,0.0032304604728417056,0.0006534866086417208
"Truncated-Green(rank=8)",8,5,0.0016532492707952585,0.0003344341366483361
"Truncated-Green(rank=8)",8,6,0.00059825552363656,0.00012102050977844895
"Truncated-Green(rank=8)",8,7,0.00016458618716957626,3.329397470946494E-05
"Truncated-Green(rank=8)",8,8,3.907187511340656E-05,7.903810424484965E-06
"Truncated-Green(rank=8)",8,9,1.701906709522636E-05,3.442770011212066E-06
"Truncated-Green(rank=8)",8,10,2.2346898217423653E-06,4.5205316246819387E-07
"Truncated-Green(rank=8)",8,11,4.949976767655475E-07,1.0013258351076527E-07
"Truncated-Green(rank=8)",8,12,7.84367267658758E-08,1.5866886779178093E-08
"Truncated-Green(rank=8)",8,13,3.032123511671931E-08,6.133652237144731E-09
"Hierarchical-screened(2x2x2,length=2)",8,0,4.943422604414578,1
"Hierarchical-screened(2x2x2,length=2)",8,1,6.53882261920574,1.3227318686786835
"Hierarchical-screened(2x2x2,length=2)",8,2,4.2949221610274515,0.8688154958048696
"Hierarchical-screened(2x2x2,length=2)",8,3,1.3934341350351562,0.28187639345072196
"Hierarchical-screened(2x2x2,length=2)",8,4,0.436254595651729,0.08824950455624504
"Hierarchical-screened(2x2x2,length=2)",8,5,0.2325833982041508,0.04704906232302475
"Hierarchical-screened(2x2x2,length=2)",8,6,0.11342140306825821,0.022943901855967275
"Hierarchical-screened(2x2x2,length=2)",8,7,0.0647782657118859,0.013103930393091939
"Hierarchical-screened(2x2x2,length=2)",8,8,0.014716827891958485,0.002977052352112493
"Hierarchical-screened(2x2x2,length=2)",8,9,0.005175828563059463,0.001047013168252567
"Hierarchical-screened(2x2x2,length=2)",8,10,0.0010303594067637102,0.00020843037086159256
"Hierarchical-screened(2x2x2,length=2)",8,11,0.0004326189972204915,8.751406299638512E-05
"Hierarchical-screened(2x2x2,length=2)",8,12,0.0001558797854364698,3.153276543608996E-05
"Hierarchical-screened(2x2x2,length=2)",8,13,2.9689614119467E-05,6.005882259176783E-06
"Hierarchical-screened(2x2x2,length=2)",8,14,2.058132903899928E-06,4.1633764065851316E-07
"Hierarchical-screened(2x2x2,length=2)",8,15,5.588649785902696E-07,1.1305223593289226E-07
"Hierarchical-screened(2x2x2,length=2)",8,16,1.219684458695843E-07,2.467287457088212E-08
"Hierarchical-screened(2x2x2,length=2)",8,17,1.9084837123272172E-08,3.860652558053406E-09
"Two-level-control(Jacobi-8)",8,0,4.943422604414578,1
"Two-level-control(Jacobi-8)",8,1,6.959995119202151,1.407930431233359
"Two-level-control(Jacobi-8)",8,2,2.508548757946578,0.5074518119705955
"Two-level-control(Jacobi-8)",8,3,0.8679754825368083,0.17558188971375588
"Two-level-control(Jacobi-8)",8,4,0.2857029855338372,0.05779457036076555
"Two-level-control(Jacobi-8)",8,5,0.11332304173560383,0.02292400444064888
"Two-level-control(Jacobi-8)",8,6,0.05789171398369545,0.01171085675175676
"Two-level-control(Jacobi-8)",8,7,0.01993406432548693,0.004032441876946835
"Two-level-control(Jacobi-8)",8,8,0.006227960193315661,0.0012598478203651787
"Two-level-control(Jacobi-8)",8,9,0.0014026000308007263,0.00028373055331101484
"Two-level-control(Jacobi-8)",8,10,0.0005159103716275933,0.00010436299157730815
"Two-level-control(Jacobi-8)",8,11,0.00017497143745020735,3.539479657149973E-05
"Two-level-control(Jacobi-8)",8,12,5.478866534150099E-05,1.1083144154532446E-05
"Two-level-control(Jacobi-8)",8,13,4.10882406171173E-06,8.31169897965524E-07
"Two-level-control(Jacobi-8)",8,14,1.3517334066842855E-06,2.734407949417798E-07
"Two-level-control(Jacobi-8)",8,15,2.716339696747097E-07,5.4948563254967314E-08
"Two-level-control(Jacobi-8)",8,16,7.255736294030829E-08,1.4677556168374736E-08
"Two-level-control(Jacobi-8)",8,17,1.5380455991097077E-08,3.1112970146153427E-09
"CG",16,0,13.041245655219772,1
"CG",16,1,19.587675372562625,1.5019788669284546
"CG",16,2,11.445067156162859,0.877605365219231
"CG",16,3,7.574965566348885,0.5808467815585544
"CG",16,4,5.114756393428484,0.39219845470676323
"CG",16,5,3.6993442517363833,0.28366494655023367
"CG",16,6,3.036574888940447,0.23284392988372662
"CG",16,7,1.7424581457549413,0.13361132761558867
"CG",16,8,1.1582272630245731,0.0888126252388315
"CG",16,9,0.49000122215605924,0.03757319163449204
"CG",16,10,0.22311656362702004,0.017108531617738326
"CG",16,11,0.08047152287137602,0.006170539609394384
"CG",16,12,0.04026888371904235,0.0030878096144845405
"CG",16,13,0.04757685070919743,0.0036481830008435385
"CG",16,14,0.02906789126178074,0.002228919846329732
"CG",16,15,0.01151382022021811,0.0008828773358478752
"CG",16,16,0.008308548228245193,0.0006370977472477629
"CG",16,17,0.005941658092200076,0.00045560510470270314
"CG",16,18,0.0027877241689899307,0.00021376210852021955
"CG",16,19,0.0015769559505804432,0.00012092065376816709
"CG",16,20,0.0009182330188822023,7.04099165952509E-05
"CG",16,21,0.00044473943690403263,3.410252737061396E-05
"CG",16,22,0.00018789304886430736,1.4407599843739081E-05
"CG",16,23,8.996337226377462E-05,6.89837264339597E-06
"CG",16,24,3.810776826013762E-05,2.9220957313142054E-06
"CG",16,25,1.0716520082155355E-05,8.217405273602876E-07
"CG",16,26,4.879344006462627E-06,3.741470819169536E-07
"CG",16,27,2.116089157637447E-06,1.6226127576934954E-07
"CG",16,28,1.3582920160292432E-06,1.0415354882036023E-07
"CG",16,29,9.351826053825505E-07,7.170960735704283E-08
"CG",16,30,4.2332986140040697E-07,3.246084558118639E-08
"CG",16,31,2.715016960012795E-07,2.081869348827201E-08
"CG",16,32,2.0064581779039377E-07,1.5385479508246598E-08
"CG",16,33,7.775434487239285E-08,5.962186966493618E-09
"Jacobi-CG",16,0,13.041245655219772,1
"Jacobi-CG",16,1,19.587675372562742,1.5019788669284637
"Jacobi-CG",16,2,11.44506715616292,0.8776053652192358
"Jacobi-CG",16,3,7.5749655663488324,0.5808467815585503
"Jacobi-CG",16,4,5.114756393428464,0.3921984547067617
"Jacobi-CG",16,5,3.69934425173639,0.28366494655023416
"Jacobi-CG",16,6,3.0365748889404562,0.23284392988372732
"Jacobi-CG",16,7,1.7424581457549337,0.13361132761558808
"Jacobi-CG",16,8,1.158227263024495,0.08881262523882551
"Jacobi-CG",16,9,0.4900012221557697,0.037573191634469844
"Jacobi-CG",16,10,0.2231165636260614,0.01710853161766482
"Jacobi-CG",16,11,0.0804715228702908,0.00617053960931117
"Jacobi-CG",16,12,0.04026888371792346,0.003087809614398744
"Jacobi-CG",16,13,0.04757685070758371,0.0036481830007197994
"Jacobi-CG",16,14,0.029067891257301685,0.002228919845986279
"Jacobi-CG",16,15,0.011513820218588289,0.0008828773357229009
"Jacobi-CG",16,16,0.00830854822826832,0.0006370977472495363
"Jacobi-CG",16,17,0.005941658091622555,0.0004556051046584189
"Jacobi-CG",16,18,0.0027877241685039162,0.00021376210848295208
"Jacobi-CG",16,19,0.0015769559505628434,0.00012092065376681753
"Jacobi-CG",16,20,0.0009182330188754265,7.040991659473133E-05
"Jacobi-CG",16,21,0.00044473943690145754,3.41025273704165E-05
"Jacobi-CG",16,22,0.00018789304886313493,1.440759984364918E-05
"Jacobi-CG",16,23,8.996337226484626E-05,6.898372643478142E-06
"Jacobi-CG",16,24,3.810776826159162E-05,2.9220957314256974E-06
"Jacobi-CG",16,25,1.071652008260975E-05,8.217405273951306E-07
"Jacobi-CG",16,26,4.8793440066627844E-06,3.7414708193230163E-07
"Jacobi-CG",16,27,2.1160891576630285E-06,1.6226127577131113E-07
"Jacobi-CG",16,28,1.358292016041581E-06,1.0415354882130629E-07
"Jacobi-CG",16,29,9.351826053911177E-07,7.170960735769975E-08
"Jacobi-CG",16,30,4.233298614143152E-07,3.246084558225287E-08
"Jacobi-CG",16,31,2.7150169600682865E-07,2.0818693488697516E-08
"Jacobi-CG",16,32,2.0064581779212174E-07,1.53854795083791E-08
"Jacobi-CG",16,33,7.775434487262106E-08,5.962186966511117E-09
"Compact-symmetric(beta=0.12)",16,0,13.041245655219772,1
"Compact-symmetric(beta=0.12)",16,1,17.568811882478673,1.3471728350923855
"Compact-symmetric(beta=0.12)",16,2,9.844038624867332,0.7548388309767975
"Compact-symmetric(beta=0.12)",16,3,6.125313545671712,0.4696877666145372
"Compact-symmetric(beta=0.12)",16,4,3.730544392981609,0.2860573668810889
"Compact-symmetric(beta=0.12)",16,5,2.0838883865357927,0.15979212734956144
"Compact-symmetric(beta=0.12)",16,6,0.948633076585961,0.0727409866868254
"Compact-symmetric(beta=0.12)",16,7,0.25228818077582005,0.019345405143475804
"Compact-symmetric(beta=0.12)",16,8,0.05126868718865268,0.003931272252979326
"Compact-symmetric(beta=0.12)",16,9,0.030908183343220104,0.002370033059752162
"Compact-symmetric(beta=0.12)",16,10,0.009305311633258402,0.0007135293574915477
"Compact-symmetric(beta=0.12)",16,11,0.004731295155473945,0.00036279472686569935
"Compact-symmetric(beta=0.12)",16,12,0.001196658690409573,9.175953908441324E-05
"Compact-symmetric(beta=0.12)",16,13,0.0004690090741942642,3.596351810201067E-05
"Compact-symmetric(beta=0.12)",16,14,8.96093850781905E-05,6.871228979750432E-06
"Compact-symmetric(beta=0.12)",16,15,1.975216723810707E-05,1.5145920689103227E-06
"Compact-symmetric(beta=0.12)",16,16,2.6614200192663994E-06,2.040771326319709E-07
"Compact-symmetric(beta=0.12)",16,17,9.942612296573084E-07,7.623974395876473E-08
"Compact-symmetric(beta=0.12)",16,18,4.5252337086676953E-07,3.469939780527381E-08
"Compact-symmetric(beta=0.12)",16,19,1.5764048836884695E-07,1.2087839807369258E-08
"Compact-symmetric(beta=0.12)",16,20,5.459689988428408E-08,4.1864789091241155E-09
"Screened-symmetric(length=2)",16,0,13.041245655219772,1
"Screened-symmetric(length=2)",16,1,18.425512669493763,1.412864472966885
"Screened-symmetric(length=2)",16,2,4.792736086320002,0.36750600464317645
"Screened-symmetric(length=2)",16,3,0.9502990223677925,0.07286873106231492
"Screened-symmetric(length=2)",16,4,0.18911243046423828,0.014501101770791799
"Screened-symmetric(length=2)",16,5,0.031997406288926014,0.002453554448314454
"Screened-symmetric(length=2)",16,6,0.004321795992701058,0.00033139441637396465
"Screened-symmetric(length=2)",16,7,0.001310118264821619,0.00010045959561364775
"Screened-symmetric(length=2)",16,8,0.0003371177893552943,2.5850121857060685E-05
"Screened-symmetric(length=2)",16,9,0.00011812767204111196,9.058005282940992E-06
"Screened-symmetric(length=2)",16,10,3.105349814968269E-05,2.3811757688387303E-06
"Screened-symmetric(length=2)",16,11,1.0224053471001656E-05,7.839782902110634E-07
"Screened-symmetric(length=2)",16,12,3.3470787540127723E-06,2.566533015711655E-07
"Screened-symmetric(length=2)",16,13,8.126680735286898E-07,6.231521857756115E-08
"Screened-symmetric(length=2)",16,14,3.0631453525593183E-07,2.3488134749867943E-08
"Screened-symmetric(length=2)",16,15,8.508243310867941E-08,6.5241032458141824E-09
"Truncated-Green(rank=8)",16,0,13.041245655219772,1
"Truncated-Green(rank=8)",16,1,3.117982214823912,0.23908622667313506
"Truncated-Green(rank=8)",16,2,2.3635911691500704,0.18123967845081124
"Truncated-Green(rank=8)",16,3,1.313590239677446,0.10072582592228681
"Truncated-Green(rank=8)",16,4,0.6716747958877922,0.05150388342074928
"Truncated-Green(rank=8)",16,5,0.3052643689604647,0.02340760821710941
"Truncated-Green(rank=8)",16,6,0.1172884125713918,0.008993651041643173
"Truncated-Green(rank=8)",16,7,0.05629835035097435,0.004316945776452028
"Truncated-Green(rank=8)",16,8,0.01803780414988188,0.001383135064453159
"Truncated-Green(rank=8)",16,9,0.009319972117537692,0.0007146535203719105
"Truncated-Green(rank=8)",16,10,0.009729050843053172,0.0007460215918223355
"Truncated-Green(rank=8)",16,11,0.007646775397884189,0.0005863531444807621
"Truncated-Green(rank=8)",16,12,0.002487929203979281,0.000190773893058558
"Truncated-Green(rank=8)",16,13,0.0012321774285830069,9.44831085280436E-05
"Truncated-Green(rank=8)",16,14,0.0009373587518247767,7.187647381288289E-05
"Truncated-Green(rank=8)",16,15,0.0005679253210535082,4.3548395304262635E-05
"Truncated-Green(rank=8)",16,16,0.0002219845829241779,1.7021731573266418E-05
"Truncated-Green(rank=8)",16,17,0.00012877369048659086,9.874339759488317E-06
"Truncated-Green(rank=8)",16,18,7.338043244360921E-05,5.626796272658096E-06
"Truncated-Green(rank=8)",16,19,3.155549050880554E-05,2.4196684383577596E-06
"Truncated-Green(rank=8)",16,20,1.284679573648135E-05,9.850896207402862E-07
"Truncated-Green(rank=8)",16,21,6.3832825899884085E-06,4.894687791908508E-07
"Truncated-Green(rank=8)",16,22,2.476019792362566E-06,1.898606818568391E-07
"Truncated-Green(rank=8)",16,23,8.694866731955987E-07,6.667205696317712E-08
"Truncated-Green(rank=8)",16,24,3.718994184151772E-07,2.851716992742362E-08
"Truncated-Green(rank=8)",16,25,2.2534800781494672E-07,1.7279638293198698E-08
"Truncated-Green(rank=8)",16,26,1.5857613726635917E-07,1.2159585169909664E-08
"Truncated-Green(rank=8)",16,27,9.494298758039604E-08,7.280208508486689E-09
"Hierarchical-screened(2x2x2,length=2)",16,0,13.041245655219772,1
"Hierarchical-screened(2x2x2,length=2)",16,1,30.764515052800636,2.3590166051727666
"Hierarchical-screened(2x2x2,length=2)",16,2,31.535219056110016,2.4181140275881554
"Hierarchical-screened(2x2x2,length=2)",16,3,9.959312682126676,0.7636780216727572
"Hierarchical-screened(2x2x2,length=2)",16,4,3.1506819924036273,0.2415936388057044
"Hierarchical-screened(2x2x2,length=2)",16,5,1.7701815115333348,0.1357371495279531
"Hierarchical-screened(2x2x2,length=2)",16,6,1.1019154118412642,0.08449464422136864
"Hierarchical-screened(2x2x2,length=2)",16,7,0.7237675643781316,0.055498346056263644
"Hierarchical-screened(2x2x2,length=2)",16,8,0.3774395759945414,0.028941988056445423
"Hierarchical-screened(2x2x2,length=2)",16,9,0.1273897137462858,0.009768216711361306
"Hierarchical-screened(2x2x2,length=2)",16,10,0.06704375565627271,0.005140901216705352
"Hierarchical-screened(2x2x2,length=2)",16,11,0.039111968374264235,0.002999097586863539
"Hierarchical-screened(2x2x2,length=2)",16,12,0.023569309857159697,0.0018072897697257973
"Hierarchical-screened(2x2x2,length=2)",16,13,0.012231519078804882,0.0009379103348083321
"Hierarchical-screened(2x2x2,length=2)",16,14,0.004475337264809101,0.00034316792913243247
"Hierarchical-screened(2x2x2,length=2)",16,15,0.0017339893607409207,0.00013296194294498928
"Hierarchical-screened(2x2x2,length=2)",16,16,0.0006797011582363497,5.21193432135295E-05
"Hierarchical-screened(2x2x2,length=2)",16,17,0.00034363630496156173,2.6349960275767135E-05
"Hierarchical-screened(2x2x2,length=2)",16,18,0.00018690455738553302,1.4331802523076028E-05
"Hierarchical-screened(2x2x2,length=2)",16,19,9.444623287200282E-05,7.242117460934464E-06
"Hierarchical-screened(2x2x2,length=2)",16,20,3.490338994574918E-05,2.6763846697250938E-06
"Hierarchical-screened(2x2x2,length=2)",16,21,1.6074529746402515E-05,1.2325915921972277E-06
"Hierarchical-screened(2x2x2,length=2)",16,22,6.967492439694146E-06,5.34265868759661E-07
"Hierarchical-screened(2x2x2,length=2)",16,23,3.204248938791677E-06,2.457011410953043E-07
"Hierarchical-screened(2x2x2,length=2)",16,24,1.3701113190246943E-06,1.0505985051177269E-07
"Hierarchical-screened(2x2x2,length=2)",16,25,6.255701147202261E-07,4.796858607366552E-08
"Hierarchical-screened(2x2x2,length=2)",16,26,2.927668063121988E-07,2.244929771681884E-08
"Hierarchical-screened(2x2x2,length=2)",16,27,1.1785311001708159E-07,9.036951924137E-09
"Two-level-control(Jacobi-8)",16,0,13.041245655219772,1
"Two-level-control(Jacobi-8)",16,1,34.218228405469695,2.623846625554041
"Two-level-control(Jacobi-8)",16,2,12.17904134747151,0.933886353302212
"Two-level-control(Jacobi-8)",16,3,3.71846993783248,0.2851315001756875
"Two-level-control(Jacobi-8)",16,4,2.1961407634272834,0.1683996162244115
"Two-level-control(Jacobi-8)",16,5,1.5992090521192501,0.12262701695824318
"Two-level-control(Jacobi-8)",16,6,0.6860705826007406,0.05260774934686858
"Two-level-control(Jacobi-8)",16,7,0.22123480258459416,0.01696423857302655
"Two-level-control(Jacobi-8)",16,8,0.10290846588330829,0.007890999725330614
"Two-level-control(Jacobi-8)",16,9,0.056849699687629984,0.004359223128725885
"Two-level-control(Jacobi-8)",16,10,0.02876127116840891,0.002205408281447193
"Two-level-control(Jacobi-8)",16,11,0.010373146136640398,0.0007954106847522296
"Two-level-control(Jacobi-8)",16,12,0.003643979225995659,0.000279419567910459
"Two-level-control(Jacobi-8)",16,13,0.001306193973774117,0.00010015868179366068
"Two-level-control(Jacobi-8)",16,14,0.0005610445957232256,4.302078271937673E-05
"Two-level-control(Jacobi-8)",16,15,0.0003086680326840933,2.3668600442362542E-05
"Two-level-control(Jacobi-8)",16,16,0.00012151987546606665,9.318118734879303E-06
"Two-level-control(Jacobi-8)",16,17,3.7861470217620357E-05,2.9032096487244887E-06
"Two-level-control(Jacobi-8)",16,18,1.2593306463876564E-05,9.65652116125585E-07
"Two-level-control(Jacobi-8)",16,19,4.818776048238291E-06,3.695027434982464E-07
"Two-level-control(Jacobi-8)",16,20,2.261516857291302E-06,1.7341264148230563E-07
"Two-level-control(Jacobi-8)",16,21,1.0652380442263288E-06,8.168223131353762E-08
"Two-level-control(Jacobi-8)",16,22,4.574394753599658E-07,3.50763636736553E-08
"Two-level-control(Jacobi-8)",16,23,2.1261401468138096E-07,1.6303198352550165E-08
"Two-level-control(Jacobi-8)",16,24,8.28640782346749E-08,6.354000256218505E-09
"CG",32,0,35.521437906935816,1
"CG",32,1,109.48150846212263,3.0821249057810687
"CG",32,2,71.55217709731082,2.014337856614181
"CG",32,3,52.967595139227996,1.4911444541744097
"CG",32,4,41.54166380959952,1.1694814809703469
"CG",32,5,33.62764572900017,0.9466859370136628
"CG",32,6,29.42850741526094,0.8284717384572658
"CG",32,7,30.81897129137408,0.8676160962886149
"CG",32,8,22.43065036406155,0.6314679721814359
"CG",32,9,21.440915919905137,0.6036049547340718
"CG",32,10,17.40139142441486,0.48988420654607323
"CG",32,11,15.1528604766665,0.4265835329179564
"CG",32,12,13.922287595787687,0.39194042854524364
"CG",32,13,13.16775398965372,0.3706987882684395
"CG",32,14,9.568891769820134,0.2693835704199277
"CG",32,15,9.046539381624957,0.2546782989282806
"CG",32,16,7.214996116540834,0.20311666817778382
"CG",32,17,5.8858748835744334,0.16569922926529881
"CG",32,18,4.649633521397672,0.1308965457304812
"CG",32,19,3.5703677647094016,0.10051304156277586
"CG",32,20,2.5431762141777243,0.07159553115053237
"CG",32,21,1.589512976635082,0.044747990799232765
"CG",32,22,0.9472694750201736,0.026667543062360445
"CG",32,23,0.4423432431746715,0.012452852959769988
"CG",32,24,0.22222803323424148,0.006256166594845246
"CG",32,25,0.159756260022229,0.004497460391124411
"CG",32,26,0.20002070006524303,0.005630985451357181
"CG",32,27,0.2610152314688936,0.007348104323725266
"CG",32,28,0.16327405857933192,0.004596493503644217
"CG",32,29,0.07321627503063263,0.0020611855641220153
"CG",32,30,0.05366019938489588,0.0015106426582584469
"CG",32,31,0.06629353351637082,0.0018662964514571786
"CG",32,32,0.04776818459755189,0.0013447705783392514
"CG",32,33,0.0275135478411824,0.0007745617706486534
"CG",32,34,0.025351505646323377,0.0007136959295607038
"CG",32,35,0.022562513518386885,0.0006351801854840283
"CG",32,36,0.013571286409153319,0.0003820590383956115
"CG",32,37,0.010091429462662149,0.00028409405861049686
"CG",32,38,0.009036850910837328,0.0002544055489677353
"CG",32,39,0.005654135730446889,0.00015917530549468208
"CG",32,40,0.003833523472269789,0.00010792140459835569
"CG",32,41,0.003271572349469984,9.210134899497371E-05
"CG",32,42,0.00197537838684494,5.5610879042124394E-05
"CG",32,43,0.0012743757234126162,3.587624258768492E-05
"CG",32,44,0.0009969684582017957,2.8066669508531648E-05
"CG",32,45,0.0005567470470151165,1.567355039156249E-05
"CG",32,46,0.0003406920253495504,9.591166501821928E-06
"CG",32,47,0.00024189824845600964,6.809922759595755E-06
"CG",32,48,0.00011925560636410154,3.357285442006728E-06
"CG",32,49,6.95759656156071E-05,1.9587035242743337E-06
"CG",32,50,4.4924291905998734E-05,1.2647092728537024E-06
"CG",32,51,2.2372324115963315E-05,6.298259708567416E-07
"CG",32,52,1.6777266800797257E-05,4.723138417074432E-07
"CG",32,53,1.2552457863056577E-05,3.533769633972396E-07
"CG",32,54,9.219151090421642E-06,2.595376660870346E-07
"CG",32,55,6.723295001455594E-06,1.8927429174095517E-07
"CG",32,56,4.445502196096926E-06,1.251498379019423E-07
"CG",32,57,2.9533677231984648E-06,8.31432480558958E-08
"CG",32,58,2.6552028546504116E-06,7.474930664707028E-08
"CG",32,59,1.9958747490252043E-06,5.6187892907215206E-08
"CG",32,60,1.3876493197133194E-06,3.9065122401544755E-08
"CG",32,61,9.492986595303466E-07,2.6724668692113648E-08
"CG",32,62,6.524212370964275E-07,1.8366971483692036E-08
"CG",32,63,5.702636156675883E-07,1.6054069014932534E-08
"CG",32,64,3.908645426054118E-07,1.1003623885650549E-08
"CG",32,65,2.740890017246296E-07,7.716157280646338E-09
"Jacobi-CG",32,0,35.521437906935816,1
"Jacobi-CG",32,1,109.48150846212839,3.0821249057812308
"Jacobi-CG",32,2,71.5521770973127,2.014337856614234
"Jacobi-CG",32,3,52.96759513922719,1.4911444541743872
"Jacobi-CG",32,4,41.5416638095981,1.169481480970307
"Jacobi-CG",32,5,33.62764572899959,0.9466859370136463
"Jacobi-CG",32,6,29.42850741525969,0.8284717384572308
"Jacobi-CG",32,7,30.81897129137215,0.8676160962885606
"Jacobi-CG",32,8,22.430650364060874,0.6314679721814169
"Jacobi-CG",32,9,21.440915919903404,0.6036049547340231
"Jacobi-CG",32,10,17.40139142440685,0.4898842065458477
"Jacobi-CG",32,11,15.15286047651114,0.42658353291358275
"Jacobi-CG",32,12,13.922287595220501,0.39194042852927624
"Jacobi-CG",32,13,13.167753989200278,0.3706987882556742
"Jacobi-CG",32,14,9.568891770226065,0.26938357043135547
"Jacobi-CG",32,15,9.046539384079798,0.2546782989973893
"Jacobi-CG",32,16,7.214996120610105,0.203116668292342
"Jacobi-CG",32,17,5.885874888647312,0.16569922940811055
"Jacobi-CG",32,18,4.649633541255527,0.1308965462895198
"Jacobi-CG",32,19,3.570367774896173,0.100513041849554
"Jacobi-CG",32,20,2.5431762414624783,0.07159553191865313
"Jacobi-CG",32,21,1.589513018449252,0.04474799197638585
"Jacobi-CG",32,22,0.9472695024102271,0.026667543833445603
"Jacobi-CG",32,23,0.4423432817083487,0.012452854044570588
"Jacobi-CG",32,24,0.22222805037115517,0.006256167077283872
"Jacobi-CG",32,25,0.1597562623177478,0.0044974604557478865
"Jacobi-CG",32,26,0.2000206946376779,0.0056309852985602935
"Jacobi-CG",32,27,0.2610152271635341,0.007348104202520726
"Jacobi-CG",32,28,0.16327409912937613,0.00459649464520961
"Jacobi-CG",32,29,0.07321629172902872,0.0020611860342154872
"Jacobi-CG",32,30,0.05366019670261747,0.0015106425827469089
"Jacobi-CG",32,31,0.06629353394035589,0.001866296463393212
"Jacobi-CG",32,32,0.0477681910876779,0.0013447707610493667
"Jacobi-CG",32,33,0.027513549455665493,0.0007745618160996032
"Jacobi-CG",32,34,0.02535150496868444,0.0007136959104838032
"Jacobi-CG",32,35,0.02256251394493024,0.0006351801974920826
"Jacobi-CG",32,36,0.013571287046010218,0.0003820590563244155
"Jacobi-CG",32,37,0.010091429348917252,0.000284094055408349
"Jacobi-CG",32,38,0.009036850908743859,0.0002544055489087999
"Jacobi-CG",32,39,0.005654135787602685,0.0001591753071037328
"Jacobi-CG",32,40,0.003833523456825135,0.00010792140416355759
"Jacobi-CG",32,41,0.0032715723483332003,9.210134896297096E-05
"Jacobi-CG",32,42,0.001975378389207209,5.561087910862702E-05
"Jacobi-CG",32,43,0.0012743757239007975,3.5876242601428204E-05
"Jacobi-CG",32,44,0.0009969684596547051,2.8066669549433974E-05
"Jacobi-CG",32,45,0.0005567470480047255,1.5673550419421976E-05
"Jacobi-CG",32,46,0.000340692025723598,9.591166512352121E-06
"Jacobi-CG",32,47,0.00024189824879873367,6.809922769244127E-06
"Jacobi-CG",32,48,0.00011925560654652813,3.3572854471424035E-06
"Jacobi-CG",32,49,6.957596567256753E-05,1.958703525877885E-06
"Jacobi-CG",32,50,4.4924291986297986E-05,1.264709275114288E-06
"Jacobi-CG",32,51,2.2372324150024753E-05,6.298259718156396E-07
"Jacobi-CG",32,52,1.6777266809143456E-05,4.7231384194240556E-07
"Jacobi-CG",32,53,1.2552457864181796E-05,3.533769634289168E-07
"Jacobi-CG",32,54,9.219151089852612E-06,2.595376660710153E-07
"Jacobi-CG",32,55,6.7232949979503E-06,1.892742916422741E-07
"Jacobi-CG",32,56,4.4455021850979626E-06,1.2514983759229933E-07
"Jacobi-CG",32,57,2.9533677116883005E-06,8.314324773186151E-08
"Jacobi-CG",32,58,2.655202836069012E-06,7.474930612396648E-08
"Jacobi-CG",32,59,1.9958747036936476E-06,5.618789163104061E-08
"Jacobi-CG",32,60,1.3876492389571036E-06,3.906512012809467E-08
"Jacobi-CG",32,61,9.492985594767386E-07,2.6724665875403127E-08
"Jacobi-CG",32,62,6.524210855942801E-07,1.8366967218601536E-08
"Jacobi-CG",32,63,5.702634157161849E-07,1.6054063385897924E-08
"Jacobi-CG",32,64,3.908641343695102E-07,1.100361239298793E-08
"Jacobi-CG",32,65,2.7408858350572773E-07,7.71614550694216E-09
"Compact-symmetric(beta=0.12)",32,0,35.521437906935816,1
"Compact-symmetric(beta=0.12)",32,1,100.54117349057297,2.830436474840496
"Compact-symmetric(beta=0.12)",32,2,63.774000681298865,1.7953665290347531
"Compact-symmetric(beta=0.12)",32,3,46.2469273689365,1.301944124280691
"Compact-symmetric(beta=0.12)",32,4,35.47206168846657,0.9986099600303735
"Compact-symmetric(beta=0.12)",32,5,27.78692213779182,0.7822578075412376
"Compact-symmetric(beta=0.12)",32,6,21.833898723543662,0.6146682119329532
"Compact-symmetric(beta=0.12)",32,7,17.045868930527497,0.4798755324935528
"Compact-symmetric(beta=0.12)",32,8,13.207462580145908,0.37181666504460553
"Compact-symmetric(beta=0.12)",32,9,10.379899885178874,0.2922150818436357
"Compact-symmetric(beta=0.12)",32,10,8.549108502760669,0.24067461810411098
"Compact-symmetric(beta=0.12)",32,11,6.299801601695316,0.17735209982772782
"Compact-symmetric(beta=0.12)",32,12,3.8969868877995,0.10970802753000564
"Compact-symmetric(beta=0.12)",32,13,2.209610809479464,0.06220499336959615
"Compact-symmetric(beta=0.12)",32,14,1.0293852548330498,0.0289792676053819
"Compact-symmetric(beta=0.12)",32,15,0.311611838479115,0.008772500688049864
"Compact-symmetric(beta=0.12)",32,16,0.12499331379678835,0.003518813459192273
"Compact-symmetric(beta=0.12)",32,17,0.2067570808470273,0.005820628134162792
"Compact-symmetric(beta=0.12)",32,18,0.07823735456601077,0.0022025390630578717
"Compact-symmetric(beta=0.12)",32,19,0.04016032527458702,0.001130594019864985
"Compact-symmetric(beta=0.12)",32,20,0.031203860536509215,0.0008784515035191308
"Compact-symmetric(beta=0.12)",32,21,0.01731517600491361,0.0004874570688911413
"Compact-symmetric(beta=0.12)",32,22,0.010348001771767942,0.00029131708572381355
"Compact-symmetric(beta=0.12)",32,23,0.006312095595243554,0.00017769820050024136
"Compact-symmetric(beta=0.12)",32,24,0.003014845113842163,8.487396038811517E-05
"Compact-symmetric(beta=0.12)",32,25,0.0019350898659208076,5.4476676056600945E-05
"Compact-symmetric(beta=0.12)",32,26,0.0007284351689025967,2.050691671916706E-05
"Compact-symmetric(beta=0.12)",32,27,0.0003718873674129483,1.0469378193170908E-05
"Compact-symmetric(beta=0.12)",32,28,0.00014281714253549046,4.020590126719065E-06
"Compact-symmetric(beta=0.12)",32,29,4.5445739296236374E-05,1.2793890668306186E-06
"Compact-symmetric(beta=0.12)",32,30,2.044516879351282E-05,5.75572668175146E-07
"Compact-symmetric(beta=0.12)",32,31,9.233299909694399E-06,2.599359838384113E-07
"Compact-symmetric(beta=0.12)",32,32,5.595045064384547E-06,1.5751178426513174E-07
"Compact-symmetric(beta=0.12)",32,33,3.0399121183572133E-06,8.557964703798346E-08
"Compact-symmetric(beta=0.12)",32,34,1.7817938829590343E-06,5.016108547258798E-08
"Compact-symmetric(beta=0.12)",32,35,1.0279660546110295E-06,2.8939314261552226E-08
"Compact-symmetric(beta=0.12)",32,36,5.321053100483891E-07,1.4979835879461732E-08
"Compact-symmetric(beta=0.12)",32,37,3.329827251076415E-07,9.374134177226655E-09
"Screened-symmetric(length=2)",32,0,35.521437906935816,1
"Screened-symmetric(length=2)",32,1,93.98943252105309,2.6459917745250108
"Screened-symmetric(length=2)",32,2,31.347407957048055,0.8824926524420693
"Screened-symmetric(length=2)",32,3,14.667242517546647,0.41291240957007436
"Screened-symmetric(length=2)",32,4,6.09504295416711,0.17158773161536373
"Screened-symmetric(length=2)",32,5,2.219928619431065,0.062495460494790614
"Screened-symmetric(length=2)",32,6,0.6097560577255132,0.01716586077745614
"Screened-symmetric(length=2)",32,7,0.09287361749981654,0.0026145793349678084
"Screened-symmetric(length=2)",32,8,0.017937389793892655,0.0005049736398872032
"Screened-symmetric(length=2)",32,9,0.0074132431219480635,0.00020869772055315855
"Screened-symmetric(length=2)",32,10,0.0020420673197119885,5.7488306781445356E-05
"Screened-symmetric(length=2)",32,11,0.000756605795578122,2.1299976582040032E-05
"Screened-symmetric(length=2)",32,12,0.00033502060821140724,9.431504689904236E-06
"Screened-symmetric(length=2)",32,13,8.947029445279188E-05,2.51876893855477E-06
"Screened-symmetric(length=2)",32,14,3.784824507783512E-05,1.065504306920103E-06
"Screened-symmetric(length=2)",32,15,1.6823849040581833E-05,4.736252255513805E-07
"Screened-symmetric(length=2)",32,16,6.047648708415798E-06,1.702534881684773E-07
"Screened-symmetric(length=2)",32,17,2.6560356095320883E-06,7.477275037375326E-08
"Screened-symmetric(length=2)",32,18,1.190219973596471E-06,3.3507088781562864E-08
"Screened-symmetric(length=2)",32,19,5.051349319388603E-07,1.4220565430439096E-08
"Screened-symmetric(length=2)",32,20,2.565185633360677E-07,7.2215140616810615E-09
"Truncated-Green(rank=8)",32,0,35.521437906935816,1
"Truncated-Green(rank=8)",32,1,9.61448524830935,0.2706671186425157
"Truncated-Green(rank=8)",32,2,13.356822368484652,0.37602144382439645
"Truncated-Green(rank=8)",32,3,10.22379353469115,0.2878203737550523
"Truncated-Green(rank=8)",32,4,7.606728254633802,0.21414471662332493
"Truncated-Green(rank=8)",32,5,5.589166315550519,0.15734628564850955
"Truncated-Green(rank=8)",32,6,4.046140580155783,0.11390700429291307
"Truncated-Green(rank=8)",32,7,2.89789295293996,0.08158152157388104
"Truncated-Green(rank=8)",32,8,2.3803030767398328,0.0670103243842801
"Truncated-Green(rank=8)",32,9,2.0509567423770174,0.05773856192844472
"Truncated-Green(rank=8)",32,10,1.2234821910533311,0.03444348717692077
"Truncated-Green(rank=8)",32,11,1.0813571004030034,0.030442379704225336
"Truncated-Green(rank=8)",32,12,0.734293304400292,0.020671835028866214
"Truncated-Green(rank=8)",32,13,0.665664698463445,0.018739801587071146
"Truncated-Green(rank=8)",32,14,0.369525947424548,0.010402899465744752
"Truncated-Green(rank=8)",32,15,0.2967495821791449,0.008354098247841548
"Truncated-Green(rank=8)",32,16,0.1891348338995188,0.005324526399945901
"Truncated-Green(rank=8)",32,17,0.11689896199790391,0.00329094115796136
"Truncated-Green(rank=8)",32,18,0.07737341075521714,0.002178217305220897
"Truncated-Green(rank=8)",32,19,0.04777298917491985,0.0013449058368662445
"Truncated-Green(rank=8)",32,20,0.03572896961981384,0.001005842435585568
"Truncated-Green(rank=8)",32,21,0.0385357571275251,0.001084859155434153
"Truncated-Green(rank=8)",32,22,0.04368824866719154,0.0012299121668906622
"Truncated-Green(rank=8)",32,23,0.04469603969796406,0.0012582835136084635
"Truncated-Green(rank=8)",32,24,0.02359517198565275,0.0006642516006100536
"Truncated-Green(rank=8)",32,25,0.010810868765809082,0.00030434772359533855
"Truncated-Green(rank=8)",32,26,0.00579544738271034,0.0001631535130389172
"Truncated-Green(rank=8)",32,27,0.005557924139105667,0.00015646675547502096
"Truncated-Green(rank=8)",32,28,0.0067672527892926595,0.00019051179197819874
"Truncated-Green(rank=8)",32,29,0.004278060343681217,0.000120436012609892
"Truncated-Green(rank=8)",32,30,0.0019510071522927997,5.492477971765472E-05
"Truncated-Green(rank=8)",32,31,0.0017974998863041617,5.060324109101414E-05
"Truncated-Green(rank=8)",32,32,0.0016434032065642452,4.626510928048211E-05
"Truncated-Green(rank=8)",32,33,0.0009424718460265304,2.6532480146095266E-05
"Truncated-Green(rank=8)",32,34,0.0005976900721713861,1.6826178989074167E-05
"Truncated-Green(rank=8)",32,35,0.0005218320612032816,1.4690623239139486E-05
"Truncated-Green(rank=8)",32,36,0.000360382309006633,1.0145487633434619E-05
"Truncated-Green(rank=8)",32,37,0.00020418344455569738,5.7481750905086275E-06
"Truncated-Green(rank=8)",32,38,0.0001544845594607946,4.349051405676074E-06
"Truncated-Green(rank=8)",32,39,0.00011451903443956953,3.223941405176305E-06
"Truncated-Green(rank=8)",32,40,5.866295784213934E-05,1.6514803819550609E-06
"Truncated-Green(rank=8)",32,41,4.1233710905239275E-05,1.160811986645059E-06
"Truncated-Green(rank=8)",32,42,2.855741764006397E-05,8.039488073338362E-07
"Truncated-Green(rank=8)",32,43,1.3844285111838916E-05,3.8974450156297644E-07
"Truncated-Green(rank=8)",32,44,9.163150460154283E-06,2.57961135586944E-07
"Truncated-Green(rank=8)",32,45,5.772153363412551E-06,1.624977394928457E-07
"Truncated-Green(rank=8)",32,46,2.8996532631163518E-06,8.163107784975601E-08
"Truncated-Green(rank=8)",32,47,1.8972032043209747E-06,5.3410090247234394E-08
"Truncated-Green(rank=8)",32,48,1.3891123134606024E-06,3.910630862128946E-08
"Truncated-Green(rank=8)",32,49,9.042808852139193E-07,2.545732770117822E-08
"Truncated-Green(rank=8)",32,50,8.535087170265208E-07,2.4027988936221164E-08
"Truncated-Green(rank=8)",32,51,5.756838771258532E-07,1.6206660288756127E-08
"Truncated-Green(rank=8)",32,52,4.0772086012486134E-07,1.14781631642578E-08
"Truncated-Green(rank=8)",32,53,2.962863825506407E-07,8.341058245640124E-09
"Hierarchical-screened(2x2x2,length=2)",32,0,35.521437906935816,1
"Hierarchical-screened(2x2x2,length=2)",32,1,157.98951174495787,4.447722869746477
"Hierarchical-screened(2x2x2,length=2)",32,2,196.58970499849855,5.534396031871024
"Hierarchical-screened(2x2x2,length=2)",32,3,108.07198838816298,3.042444077610415
"Hierarchical-screened(2x2x2,length=2)",32,4,28.32466955218852,0.7973964800185616
"Hierarchical-screened(2x2x2,length=2)",32,5,12.80919841637076,0.3606047269237846
"Hierarchical-screened(2x2x2,length=2)",32,6,6.673695687333722,0.187877971179501
"Hierarchical-screened(2x2x2,length=2)",32,7,4.9033322821726,0.13803867667235364
"Hierarchical-screened(2x2x2,length=2)",32,8,3.164049310189463,0.08907435894006023
"Hierarchical-screened(2x2x2,length=2)",32,9,1.937495952785952,0.05454441224654484
"Hierarchical-screened(2x2x2,length=2)",32,10,0.9419618158660115,0.02651812177012369
"Hierarchical-screened(2x2x2,length=2)",32,11,0.31166387107407406,0.00877396551036633
"Hierarchical-screened(2x2x2,length=2)",32,12,0.17312978630331735,0.004873952083722166
"Hierarchical-screened(2x2x2,length=2)",32,13,0.08804782306229068,0.002478723504745812
"Hierarchical-screened(2x2x2,length=2)",32,14,0.05995597318505307,0.001687881367362841
"Hierarchical-screened(2x2x2,length=2)",32,15,0.036649716325180874,0.0010317633092782191
"Hierarchical-screened(2x2x2,length=2)",32,16,0.02287673727112167,0.0006440262168175018
"Hierarchical-screened(2x2x2,length=2)",32,17,0.007682646461344969,0.00021628196700463178
"Hierarchical-screened(2x2x2,length=2)",32,18,0.0037855085831175013,0.00010656968879005749
"Hierarchical-screened(2x2x2,length=2)",32,19,0.0018410246229632356,5.1828550065642536E-05
"Hierarchical-screened(2x2x2,length=2)",32,20,0.0010166742488405235,2.8621427192901177E-05
"Hierarchical-screened(2x2x2,length=2)",32,21,0.0007160139610455061,2.0157234707711515E-05
"Hierarchical-screened(2x2x2,length=2)",32,22,0.0003841855151875036,1.0815595815519862E-05
"Hierarchical-screened(2x2x2,length=2)",32,23,0.0002139064863911461,6.021898295659347E-06
"Hierarchical-screened(2x2x2,length=2)",32,24,7.390271132883726E-05,2.0805101280657117E-06
"Hierarchical-screened(2x2x2,length=2)",32,25,3.68818285912686E-05,1.038297736929933E-06
"Hierarchical-screened(2x2x2,length=2)",32,26,1.857758877216212E-05,5.229965301752245E-07
"Hierarchical-screened(2x2x2,length=2)",32,27,1.0266272983057028E-05,2.8901625575952444E-07
"Hierarchical-screened(2x2x2,length=2)",32,28,5.255892443281055E-06,1.4796395509244865E-07
"Hierarchical-screened(2x2x2,length=2)",32,29,3.2896011289094924E-06,9.260889543739934E-08
"Hierarchical-screened(2x2x2,length=2)",32,30,1.9088155728039884E-06,5.3737001801700105E-08
"Hierarchical-screened(2x2x2,length=2)",32,31,9.75603725862492E-07,2.746520927498823E-08
"Hierarchical-screened(2x2x2,length=2)",32,32,5.90977116049962E-07,1.663719575762358E-08
"Hierarchical-screened(2x2x2,length=2)",32,33,2.9675510620446857E-07,8.354253760277114E-09
"Two-level-control(Jacobi-8)",32,0,35.521437906935816,1
"Two-level-control(Jacobi-8)",32,1,169.56761235789764,4.773669714670766
"Two-level-control(Jacobi-8)",32,2,63.33401599511221,1.7829800742031838
"Two-level-control(Jacobi-8)",32,3,30.46378135354003,0.8576167843586016
"Two-level-control(Jacobi-8)",32,4,26.979654223794604,0.7595315903168051
"Two-level-control(Jacobi-8)",32,5,16.01575389563606,0.4508757201101048
"Two-level-control(Jacobi-8)",32,6,9.22809163722003,0.2597893604813272
"Two-level-control(Jacobi-8)",32,7,7.210006574677569,0.20297620252781948
"Two-level-control(Jacobi-8)",32,8,4.628229372358786,0.13029397583747843
"Two-level-control(Jacobi-8)",32,9,1.7833659373402542,0.05020534196877315
"Two-level-control(Jacobi-8)",32,10,0.8525392915806784,0.024000697657968795
"Two-level-control(Jacobi-8)",32,11,0.6055036403637326,0.017046146666419258
"Two-level-control(Jacobi-8)",32,12,0.31775459542091866,0.00894543166448999
"Two-level-control(Jacobi-8)",32,13,0.12990270308602747,0.0036570226528094187
"Two-level-control(Jacobi-8)",32,14,0.05195916862099287,0.0014627552172049732
"Two-level-control(Jacobi-8)",32,15,0.03329287250555519,0.0009372613967030461
"Two-level-control(Jacobi-8)",32,16,0.019229478929927664,0.0005413485507064163
"Two-level-control(Jacobi-8)",32,17,0.00818658959747727,0.00023046898098341847
"Two-level-control(Jacobi-8)",32,18,0.0032578687058774152,9.171556383536189E-05
"Two-level-control(Jacobi-8)",32,19,0.002615496227877311,7.363148515355051E-05
"Two-level-control(Jacobi-8)",32,20,0.0016969176408710878,4.7771648358293303E-05
"Two-level-control(Jacobi-8)",32,21,0.0007423892970845114,2.089975352432325E-05
"Two-level-control(Jacobi-8)",32,22,0.0003388573584639305,9.539516934863894E-06
"Two-level-control(Jacobi-8)",32,23,0.0002046409644785055,5.761055197558539E-06
"Two-level-control(Jacobi-8)",32,24,0.00010629792874066554,2.9925007264390642E-06
"Two-level-control(Jacobi-8)",32,25,4.483299431902215E-05,1.2621390619513233E-06
"Two-level-control(Jacobi-8)",32,26,1.6741132790843325E-05,4.712965965708978E-07
"Two-level-control(Jacobi-8)",32,27,7.428327519199447E-06,2.0912237670843308E-07
"Two-level-control(Jacobi-8)",32,28,3.85256490234234E-06,1.0845745919508791E-07
"Two-level-control(Jacobi-8)",32,29,2.138360182898991E-06,6.019914476720721E-08
"Two-level-control(Jacobi-8)",32,30,1.01091098088176E-06,2.8459179595440092E-08
"Two-level-control(Jacobi-8)",32,31,5.00372238958961E-07,1.4086486033304969E-08
"Two-level-control(Jacobi-8)",32,32,2.5214286347964526E-07,7.098329300188959E-09
